Sample_name,i7_Index_Name,i5_Index_Name,Well,Set,PrimerF,PrimerR,Locus
51530-026-S79,N701,S501,A1,1,GYAATCACTTGTCTTTTAAATGAAGACC,GGATTGCGCTGTTATCCCTA,16S_Prey
51530-027-S4,N701,S502,B1,1,GYAATCACTTGTCTTTTAAATGAAGACC,GGATTGCGCTGTTATCCCTA,16S_Prey
51530-029-S14,N701,S503,C1,1,GYAATCACTTGTCTTTTAAATGAAGACC,GGATTGCGCTGTTATCCCTA,16S_Prey
51530-031-S26,N701,S504,D1,1,GYAATCACTTGTCTTTTAAATGAAGACC,GGATTGCGCTGTTATCCCTA,16S_Prey
51530-032-S37,N701,S505,E1,1,GYAATCACTTGTCTTTTAAATGAAGACC,GGATTGCGCTGTTATCCCTA,16S_Prey
51530-033-S48,N701,S506,F1,1,GYAATCACTTGTCTTTTAAATGAAGACC,GGATTGCGCTGTTATCCCTA,16S_Prey
51530-034-S59,N701,S507,G1,1,GYAATCACTTGTCTTTTAAATGAAGACC,GGATTGCGCTGTTATCCCTA,16S_Prey
51530-035-S69,N701,S508,H1,1,GYAATCACTTGTCTTTTAAATGAAGACC,GGATTGCGCTGTTATCCCTA,16S_Prey
51530-036-S80,N702,S501,A2,1,GYAATCACTTGTCTTTTAAATGAAGACC,GGATTGCGCTGTTATCCCTA,16S_Prey
51530-037-S5,N702,S502,B2,1,GYAATCACTTGTCTTTTAAATGAAGACC,GGATTGCGCTGTTATCCCTA,16S_Prey
51530-038-S15,N702,S503,C2,1,GYAATCACTTGTCTTTTAAATGAAGACC,GGATTGCGCTGTTATCCCTA,16S_Prey
51530-039-S27,N702,S504,D2,1,GYAATCACTTGTCTTTTAAATGAAGACC,GGATTGCGCTGTTATCCCTA,16S_Prey
51530-040-S38,N702,S505,E2,1,GYAATCACTTGTCTTTTAAATGAAGACC,GGATTGCGCTGTTATCCCTA,16S_Prey
51530-041-S49,N702,S506,F2,1,GYAATCACTTGTCTTTTAAATGAAGACC,GGATTGCGCTGTTATCCCTA,16S_Prey
51530-042-S60,N702,S507,G2,1,GYAATCACTTGTCTTTTAAATGAAGACC,GGATTGCGCTGTTATCCCTA,16S_Prey